t_n,x_n
0.0,1.4625616437590137
0.01001001001001001,1.0409841859444822
0.02002002002002002,1.863226572428025
0.03003003003003003,1.4909462937168843
0.04004004004004004,0.5625064365640118
0.050050050050050046,1.4964253482165948
0.06006006006006006,1.6443630178111688
0.07007007007007007,-0.050081087334862384
0.08008008008008008,1.7565705146131583
0.09009009009009009,1.5493252708455147
0.10010010010010009,0.5684063790958065
0.11011011011011011,0.6290524486003537
0.12012012012012012,-0.3816012741645445
0.13013013013013014,-0.09779542118879242
0.14014014014014015,0.3676808584792081
0.15015015015015015,0.2569746591774914
0.16016016016016016,0.6664585414925128
0.1701701701701702,0.2769647629813722
0.18018018018018017,-0.1798404322046857
0.1901901901901902,0.8435621819166503
0.20020020020020018,0.00910633638564283
0.21021021021021022,-0.009517043730204483
0.22022022022022023,-0.32208985260958184
0.23023023023023026,-0.8093947652993008
0.24024024024024024,-0.6188662261945143
0.2502502502502503,-0.7962962271055222
0.2602602602602603,-1.1234058805637535
0.2702702702702703,-0.6835431336892337
0.2802802802802803,-0.3003973534686765
0.2902902902902903,-0.23904484998030834
0.3003003003003003,-0.49298468370733506
0.3103103103103103,-0.5031147821704993
0.3203203203203203,-0.2612422932655736
0.3303303303303303,-0.6575414172267533
0.3403403403403404,-2.041485655443882
0.35035035035035034,-0.6290574711926149
0.36036036036036034,-1.3441023719168093
0.37037037037037035,-1.2486990013038661
0.3803803803803804,-1.3528734593316631
0.3903903903903904,-0.9362816950757185
0.40040040040040037,-0.5896079336264165
0.4104104104104104,-1.7270478603365746
0.42042042042042044,-0.7502533007145196
0.43043043043043044,-1.7680225675047558
0.44044044044044045,-0.859661104644313
0.4504504504504504,-0.5469261030548646
0.4604604604604605,-1.3640565040905688
0.47047047047047047,-0.04171903801588339
0.4804804804804805,-1.1475049294467696
0.4904904904904905,-1.2005850598045322
0.5005005005005005,-1.542237823861853
0.5105105105105106,-1.1713059071098613
0.5205205205205206,-0.8288999532513592
0.5305305305305306,-1.237659912996775
0.5405405405405406,-1.9693380657435529
0.5505505505505506,-0.7156866008835052
0.5605605605605606,0.13592017899387487
0.5705705705705706,-0.7652681046169528
0.5805805805805806,-1.4876566249103425
0.5905905905905906,-1.235147563305781
0.6006006006006006,-0.12940270915334134
0.6106106106106106,-0.5577923678749299
0.6206206206206206,-1.292114506618375
0.6306306306306306,-0.905350165149964
0.6406406406406406,-0.222585883900278
0.6506506506506506,-0.9745242035466513
0.6606606606606606,-0.35945340883961485
0.6706706706706707,-0.5257161377247825
0.6806806806806808,-0.5027086953296661
0.6906906906906907,-0.17457665313379814
0.7007007007007007,0.6510060162389006
0.7107107107107107,1.2531601828061503
0.7207207207207207,-0.20264562786483092
0.7307307307307308,0.6003689797549909
0.7407407407407407,1.7056544146856472
0.7507507507507507,1.0905984252365784
0.7607607607607608,0.6946153761720938
0.7707707707707707,1.1271781578408462
0.7807807807807808,0.9165866055120471
0.7907907907907907,1.1042725507112037
0.8008008008008007,1.4171760541610066
0.8108108108108109,1.553009160599551
0.8208208208208208,1.6155717055145582
0.8308308308308309,1.1158596161349634
0.8408408408408409,1.4566129808925248
0.8508508508508508,0.9472821780956203
0.8608608608608609,1.835465472655513
0.8708708708708708,2.0706671513776693
0.8808808808808809,2.0908147434235036
0.8908908908908909,1.8660313355632923
0.9009009009009008,3.2942159398111115
0.9109109109109109,2.2509377168300824
0.920920920920921,2.05441956327664
0.9309309309309309,2.5500856273779173
0.9409409409409409,2.689901811019525
0.9509509509509508,2.1702358460154114
0.960960960960961,3.229151918239289
0.9709709709709711,4.062137743104274
0.980980980980981,3.145855328669061
0.990990990990991,2.4620577806048094
1.001001001001001,2.987648036960646
1.011011011011011,2.7129291649981604
1.021021021021021,3.5209347678764353
1.0310310310310309,2.7147561527034565
1.0410410410410411,3.4989492172472243
1.0510510510510511,3.3167106326366564
1.0610610610610611,3.6305169934383024
1.0710710710710711,3.158121324415223
1.0810810810810811,3.9403309150930763
1.0910910910910911,3.4049367770480776
1.1011011011011012,3.485213492142912
1.1111111111111112,4.522319591471213
1.1211211211211212,4.920457532557774
1.1311311311311312,4.6305662972247426
1.1411411411411412,4.507171871029184
1.1511511511511512,4.882801084636977
1.1611611611611612,4.378268572751376
1.1711711711711712,4.415390893088161
1.1811811811811812,4.161490684405362
1.1911911911911912,4.851439091861738
1.2012012012012012,5.45668798818292
1.2112112112112112,4.293107743517788
1.2212212212212212,4.256379872260327
1.2312312312312312,5.630809599811442
1.2412412412412412,4.118832651429996
1.2512512512512513,4.008311232016493
1.2612612612612613,4.790230176623974
1.2712712712712713,4.355184406740182
1.2812812812812813,4.2960075162677045
1.2912912912912913,4.734777333816162
1.3013013013013013,4.026974389748129
1.3113113113113113,4.6400396741103735
1.3213213213213213,4.164055506860403
1.3313313313313313,4.42153767942195
1.3413413413413413,4.463916667955942
1.3513513513513513,4.543641679237873
1.3613613613613615,4.155622581867122
1.3713713713713713,5.011136120016364
1.3813813813813813,5.273486332989262
1.3913913913913913,4.677965497874984
1.4014014014014013,3.5181418285996777
1.4114114114114116,4.274731697488774
1.4214214214214214,4.145816963188806
1.4314314314314314,4.9090469293475785
1.4414414414414414,3.7103522234356645
1.4514514514514514,4.73756589085392
1.4614614614614616,3.7980817117066947
1.4714714714714714,3.0869447053112324
1.4814814814814814,4.054725270284404
1.4914914914914914,4.031447538768503
1.5015015015015014,3.2320740606483676
1.5115115115115116,3.9270296122250934
1.5215215215215216,3.9061149371118074
1.5315315315315314,3.8135751473671395
1.5415415415415414,4.108454748879055
1.5515515515515514,3.5487540857139113
1.5615615615615617,3.215277055949089
1.5715715715715717,2.507335115128922
1.5815815815815815,3.5220412682627913
1.5915915915915915,2.4118804286231117
1.6016016016016015,2.757989244380086
1.6116116116116117,3.309063450304355
1.6216216216216217,2.3320157373654986
1.6316316316316315,2.4958796058647534
1.6416416416416415,2.842604647477502
1.6516516516516515,2.3049752636775764
1.6616616616616617,2.9476903075813543
1.6716716716716717,2.480828402673678
1.6816816816816818,2.8235410757292585
1.6916916916916915,2.809315303631275
1.7017017017017015,2.483957245491137
1.7117117117117118,2.877087155784057
1.7217217217217218,3.0241391177749226
1.7317317317317318,1.9847383404879924
1.7417417417417416,1.3883531666228408
1.7517517517517516,2.1497968260366713
1.7617617617617618,1.6381169990389541
1.7717717717717718,1.6609043923395466
1.7817817817817818,1.694375227038004
1.7917917917917916,1.5680309379188397
1.8018018018018016,1.1411056800179167
1.8118118118118118,1.1243342496538862
1.8218218218218218,1.3040246858259557
1.8318318318318318,2.0489516043936327
1.841841841841842,1.7217861737658242
1.8518518518518516,1.271481001735037
1.8618618618618619,0.8861482173910866
1.8718718718718719,1.2237333884702633
1.8818818818818819,-0.096609062852411
1.891891891891892,1.3488001078670706
1.9019019019019017,1.128564054225168
1.911911911911912,1.0976860557859904
1.921921921921922,1.417551947806694
1.931931931931932,0.19910697616727596
1.9419419419419421,0.4989228583784818
1.9519519519519517,0.46183270416479627
1.961961961961962,0.7139845664074302
1.971971971971972,0.527243935746073
1.981981981981982,0.20960706606808452
1.9919919919919922,1.0673213658332814
2.002002002002002,0.71212667807076
2.0120120120120117,0.11964753825624458
2.022022022022022,0.12288872720062283
2.032032032032032,0.1892870111658923
2.042042042042042,0.02085303409356104
2.052052052052052,-0.10956512541565677
2.0620620620620618,0.45834642922444374
2.0720720720720722,0.27611739393650586
2.0820820820820822,-0.9052575584177092
2.0920920920920922,0.5888909181817331
2.1021021021021022,-0.4143011380991215
2.1121121121121122,0.250127007229075
2.1221221221221223,-0.30001330977514923
2.1321321321321323,0.3006963759081366
2.1421421421421423,0.1111578103405769
2.1521521521521523,-0.42186257656828746
2.1621621621621623,-0.008820267720871286
2.1721721721721723,-0.5368126014314187
2.1821821821821823,0.32719166512853837
2.1921921921921923,0.31381556078193906
2.2022022022022023,0.31054452059674786
2.2122122122122123,0.4439913432660476
2.2222222222222223,-0.6767212912390096
2.2322322322322323,-0.2407160547201379
2.2422422422422423,0.09257296811110485
2.2522522522522523,-0.19224044969677057
2.2622622622622623,0.6335776884974096
2.2722722722722724,-0.024703574626572633
2.2822822822822824,0.17701364729048763
2.2922922922922924,-0.051211232330253875
2.3023023023023024,0.6291981285348798
2.3123123123123124,0.5593406495224623
2.3223223223223224,-0.27202026797185286
2.3323323323323324,1.3745769537407089
2.3423423423423424,0.9166405776830633
2.3523523523523524,1.20790506427468
2.3623623623623624,1.2755024672740232
2.3723723723723724,0.28400782019781334
2.3823823823823824,1.301125331142822
2.3923923923923924,0.24810393680025755
2.4024024024024024,0.8790733387212103
2.4124124124124124,1.4457084357155212
2.4224224224224224,1.0456326595837362
2.4324324324324325,0.9237413558455059
2.4424424424424425,1.0611099349375916
2.4524524524524525,0.16953661713447654
2.4624624624624625,1.3866573008339995
2.4724724724724725,1.1613671775261976
2.4824824824824825,1.442160722630147
2.4924924924924925,-0.05878896530192801
2.5025025025025025,2.052533467705949
2.5125125125125125,0.9671785862320046
2.5225225225225225,0.8882105649247829
2.5325325325325325,1.1650767287886148
2.5425425425425425,0.9640544915271271
2.5525525525525525,1.8700862755006042
2.5625625625625625,1.6357017015360054
2.5725725725725725,1.6617532239218424
2.5825825825825826,1.3137861503014072
2.5925925925925926,1.7548908147341598
2.6026026026026026,1.3873445374492952
2.6126126126126126,1.1573802944307494
2.6226226226226226,1.7227657111348171
2.6326326326326326,1.8396537043475183
2.6426426426426426,2.3764734110119
2.6526526526526526,2.276981717045024
2.6626626626626626,2.05799605803664
2.672672672672673,1.625585389109836
2.6826826826826826,2.9248629127930537
2.6926926926926926,0.8717707714161796
2.7027027027027026,1.2422021114924822
2.7127127127127126,1.7805904341390468
2.722722722722723,1.263151221610833
2.7327327327327327,1.0030895546357013
2.7427427427427427,1.778823366839873
2.7527527527527527,2.639433851896345
2.7627627627627627,1.6481994160482294
2.772772772772773,2.1084071382331184
2.7827827827827827,1.3125479104800095
2.7927927927927927,2.2071329304980254
2.8028028028028027,2.6097059778526437
2.8128128128128127,1.5788629839249106
2.822822822822823,2.216135318120521
2.8328328328328327,2.7700414136872724
2.8428428428428427,1.5616466852835607
2.8528528528528527,1.495549024711265
2.8628628628628627,1.8950425262164976
2.872872872872873,1.7382782587967123
2.8828828828828827,2.079551974923929
2.8928928928928928,1.3594986539199732
2.9029029029029028,2.359846621232674
2.9129129129129128,2.1124202676651693
2.922922922922923,1.349061362426628
2.932932932932933,0.8491771603919611
2.942942942942943,1.7589964835935739
2.952952952952953,1.7163473162521852
2.962962962962963,0.9111791782135853
2.9729729729729732,1.8684898709097881
2.982982982982983,1.5458964653045502
2.9929929929929933,0.7715603293220996
3.003003003003003,1.481345448674701
3.013013013013013,0.8929731009973726
3.0230230230230233,2.1277993432637103
3.033033033033033,0.8430492502064263
3.0430430430430433,0.94373429507308
3.053053053053053,1.3592380011339755
3.063063063063063,0.533658890808061
3.0730730730730733,1.3288837394712016
3.083083083083083,1.281384608386237
3.0930930930930933,1.4932215142424834
3.103103103103103,0.1701793444846187
3.113113113113113,0.49016636195733465
3.1231231231231233,0.6767117601565849
3.133133133133133,1.123638565738631
3.1431431431431434,0.8346866642959444
3.153153153153153,0.20076574274054576
3.163163163163163,0.8077447433873073
3.1731731731731734,0.5352126029259077
3.183183183183183,0.16024513761027867
3.1931931931931934,0.4591080149257011
3.203203203203203,0.1966716468126186
3.213213213213213,0.5579085432864667
3.2232232232232234,0.0597976262452844
3.233233233233233,1.042025232316092
3.2432432432432434,0.16419718583341214
3.253253253253253,0.19915140667835118
3.263263263263263,-1.0330433875129486
3.2732732732732734,-1.479634073862692
3.283283283283283,-0.6314224585575781
3.2932932932932935,-0.19479985936451835
3.303303303303303,-1.0049167329980893
3.3133133133133135,-0.6279849640185833
3.3233233233233235,0.19877153787244117
3.333333333333333,-0.45783473929075025
3.3433433433433435,-1.5768137810451315
3.353353353353353,-0.783530519440917
3.3633633633633635,-0.9558144891398394
3.3733733733733735,-1.244552673811975
3.383383383383383,-0.5363730773383286
3.3933933933933935,-1.6116461796465784
3.403403403403403,-0.8552643735904005
3.4134134134134135,-1.345691249223773
3.4234234234234235,-1.0681222537488388
3.433433433433433,-1.098112906236537
3.4434434434434436,-0.7275199925407443
3.453453453453453,-1.83635411452095
3.4634634634634636,-1.8814326959839787
3.4734734734734736,-1.1814424653519289
3.483483483483483,-1.519660631070666
3.4934934934934936,-1.1415517890929365
3.503503503503503,-1.2511419455265205
3.5135135135135136,-0.6573738189391777
3.5235235235235236,-2.3109262754430615
3.533533533533533,-1.4118657086735018
3.5435435435435436,-1.3730223662948993
3.553553553553553,-1.2144533756785683
3.5635635635635636,-1.1667403719142457
3.5735735735735736,-0.7396066576811531
3.583583583583583,-1.098964434268731
3.5935935935935936,-1.478237227777319
3.603603603603603,-1.5664103241218428
3.6136136136136137,-1.1216577589650525
3.6236236236236237,-2.3386849886144137
3.633633633633634,-2.111669214614435
3.6436436436436437,-1.2391051297599183
3.6536536536536532,-1.6625050567150907
3.6636636636636637,-1.9317290606114548
3.6736736736736737,-1.5268165054260008
3.683683683683684,-2.1075774904179134
3.6936936936936937,-0.9667242029220712
3.7037037037037033,-1.7716189205732022
3.7137137137137137,-1.7721779526989268
3.7237237237237237,-1.3890431495527233
3.733733733733734,-2.0390136504666354
3.7437437437437437,-1.5651816916649224
3.7537537537537533,-0.6056062213127662
3.7637637637637638,-1.2709107288778316
3.7737737737737738,-2.9924670820159713
3.783783783783784,-1.4623628587899917
3.793793793793794,-1.518685123982717
3.8038038038038033,-1.687390963718984
3.813813813813814,-2.1227611814789658
3.823823823823824,-2.007864902165722
3.8338338338338342,-0.7317205844841044
3.843843843843844,-0.775310038543908
3.8538538538538534,-1.6400442324430449
3.863863863863864,-2.127221568561091
3.873873873873874,-0.7454557537672906
3.8838838838838843,-2.0866440644349984
3.893893893893894,-1.493858968501848
3.9039039039039034,-1.7597549110282047
3.913913913913914,-1.4233774722464283
3.923923923923924,-1.359649198304807
3.9339339339339343,-2.9111524867108667
3.943943943943944,-1.6254423474486754
3.9539539539539543,-1.2821360590357604
3.963963963963964,-0.6458541024048582
3.973973973973974,-1.3787486713041723
3.9839839839839843,-1.709682127018021
3.993993993993994,-1.2219605930443778
4.004004004004004,-0.30680054176646643
4.014014014014014,-2.161728010085855
4.0240240240240235,-1.2793254698249759
4.034034034034034,-0.9629953058325543
4.044044044044044,-1.2609639399326997
4.054054054054054,-1.1980750988782924
4.064064064064064,-1.7520423580741529
4.0740740740740735,-0.9867086839310014
4.084084084084084,-1.0444560597540726
4.094094094094094,-0.5441940988834154
4.104104104104104,-0.8398113495303935
4.114114114114114,0.08690052498683676
4.1241241241241235,-1.0639926159898798
4.134134134134134,-0.9361111206662321
4.1441441441441444,-0.36147771636655474
4.1541541541541545,-0.772035471045287
4.1641641641641645,-1.1850137108420309
4.174174174174174,-0.6476998663422463
4.1841841841841845,-0.7759209297901137
4.1941941941941945,-0.34707035303744665
4.2042042042042045,-0.885576065347871
4.2142142142142145,-1.2170859006449875
4.2242242242242245,0.08933948500795136
4.2342342342342345,-1.6640096885313054
4.2442442442442445,-0.26510261963043213
4.2542542542542545,0.2017383575371574
4.2642642642642645,-1.2043006931140456
4.2742742742742745,-0.24375347768175643
4.2842842842842845,-1.1657771361020886
4.2942942942942945,0.02858900709647949
4.3043043043043046,-0.6948104770741479
4.314314314314315,-0.9904364469971512
4.324324324324325,-0.19927295167368725
4.334334334334335,0.6515745744734938
4.344344344344345,-0.6599860167634991
4.354354354354355,0.05926370683495463
4.364364364364365,-1.3314980962509635
4.374374374374375,-0.1854258609534661
4.384384384384385,-0.019619269212245105
4.394394394394395,-1.116186303499517
4.404404404404405,-0.05969250167106335
4.414414414414415,-0.31512293078037856
4.424424424424425,-0.08971911179121836
4.434434434434435,-0.944689082419622
4.444444444444445,-0.2159568069992494
4.454454454454455,-0.7785839688297663
4.464464464464465,-0.24121508416338439
4.474474474474475,-0.009635824808346294
4.484484484484485,-0.01356892214266961
4.494494494494495,-0.21505316757287526
4.504504504504505,-0.6087975186861607
4.514514514514515,-0.2593486639550103
4.524524524524525,-0.46223424858573453
4.534534534534535,-0.37715866114300733
4.544544544544545,-0.1505096861924154
4.554554554554555,-0.399514047092555
4.564564564564565,-1.0519396207998108
4.574574574574575,-0.35000364658559263
4.584584584584585,0.6201682386274945
4.594594594594595,-0.3618020136216797
4.604604604604605,0.21879699909680883
4.614614614614615,0.25911907675258455
4.624624624624625,-0.267179741123749
4.634634634634635,-0.21940418520706795
4.644644644644645,-0.5478869623221806
4.654654654654655,-0.32358563037531934
4.664664664664665,-1.2146398168534032
4.674674674674675,-0.7620330161190954
4.684684684684685,-0.1403413436656542
4.694694694694695,-0.22602192082422845
4.704704704704705,-1.0369879239514
4.714714714714715,-1.3675757028659619
4.724724724724725,-0.22884902032733456
4.734734734734735,-0.3268202838969552
4.744744744744745,-0.36899927648641684
4.754754754754755,-0.8625515020979102
4.764764764764765,-1.3873809649076265
4.774774774774775,-0.25529480060125365
4.784784784784785,-0.8372850338438413
4.794794794794795,-1.0822600722024582
4.804804804804805,-0.27556323951371653
4.814814814814815,-1.0873938584778087
4.824824824824825,-1.2436829377360585
4.834834834834835,-2.207957438389333
4.844844844844845,-1.4327744755778378
4.854854854854855,-1.279769084828808
4.864864864864865,-1.6323284323820468
4.874874874874875,-1.9114523068410034
4.884884884884885,-1.2472494501897269
4.894894894894895,-1.2993054400074424
4.904904904904905,-1.4582178266971437
4.914914914914915,-1.0954189098499347
4.924924924924925,-1.7753481031757468
4.934934934934935,-2.357181213697415
4.944944944944945,-1.0925784625163706
4.954954954954955,-1.0217877243188989
4.964964964964965,-1.50601854398427
4.974974974974975,-0.6739219916005447
4.984984984984985,-1.0580877951383645
4.994994994994995,-1.0421610187549626
5.005005005005005,-1.7350667571057452
5.015015015015015,-0.6200806272569062
5.025025025025025,-1.55349839577752
5.035035035035035,-1.0015340589871358
5.045045045045045,-0.3678304924881939
5.055055055055055,-1.5686067218541595
5.065065065065065,-1.583833087406304
5.075075075075075,-1.2509346046375072
5.085085085085085,-1.2495685757946708
5.095095095095095,-1.2007370763693213
5.105105105105105,-1.1031932202523203
5.115115115115115,-1.9727244487348847
5.125125125125125,-1.2428545009559124
5.135135135135135,-1.9282818590099378
5.145145145145145,-1.605011732109936
5.155155155155155,-1.8745420216038364
5.165165165165165,-0.4702530162352072
5.175175175175175,-1.7148246316167868
5.185185185185185,-1.6045677470183664
5.195195195195195,-1.583296742545838
5.205205205205205,-1.9189054159150223
5.215215215215215,-1.384787880928948
5.225225225225225,-0.8761617698569112
5.235235235235235,-1.2818801996134135
5.245245245245245,-1.2533524767478268
5.255255255255255,-1.4081832184260359
5.265265265265265,-1.6070711274417409
5.275275275275275,-1.1774413737104683
5.285285285285285,-1.240193228905904
5.295295295295295,-2.392378132057081
5.305305305305305,-1.7865333905729628
5.315315315315315,-0.5745919652025934
5.325325325325325,-1.0364387613360722
5.335335335335335,-1.3364656256966816
5.345345345345346,-1.1928444144416035
5.355355355355355,-1.4929428453332938
5.365365365365365,-1.5733238186903615
5.375375375375375,-1.8948223964568043
5.385385385385385,-1.9317073606401058
5.395395395395396,-0.5991648248051499
5.405405405405405,-1.1609988390060981
5.415415415415415,-1.9302286082634605
5.425425425425425,-0.8438328723763843
5.435435435435435,-1.5892182320697805
5.445445445445446,-0.7361719180371895
5.455455455455455,-1.0104766917127948
5.465465465465465,-0.9966784848506798
5.475475475475475,-0.26320919196256154
5.485485485485485,-0.7132538543649167
5.495495495495496,-0.7234230099696933
5.505505505505505,-0.5813578378928684
5.515515515515515,-0.7916244034020471
5.525525525525525,-0.8064560982956797
5.535535535535535,-1.9257466247775659
5.545545545545546,-1.0458085119507583
5.555555555555555,-1.1821285382517202
5.565565565565565,-0.6240952791549503
5.575575575575575,-1.3435999646666756
5.585585585585585,-0.679030688200897
5.595595595595596,-0.8830715277050118
5.605605605605605,-0.0371976364974097
5.615615615615615,-0.8085080447125073
5.625625625625625,-0.5650396719871162
5.635635635635635,-0.14324843348602823
5.645645645645646,0.13149762532213527
5.655655655655655,0.07927486393062105
5.665665665665665,-1.5436556222708724
5.675675675675675,0.31612516791847595
5.685685685685685,-0.6619827057187211
5.695695695695696,0.13526114195416344
5.7057057057057055,-0.9922721750617312
5.7157157157157155,-1.2186896633111792
5.7257257257257255,0.2515810598186139
5.7357357357357355,0.06352756115823927
5.745745745745746,-0.1273117262241848
5.7557557557557555,0.6751184992747485
5.7657657657657655,-0.9625079559991773
5.7757757757757755,-0.21146739379769275
5.7857857857857855,0.7658328729072482
5.795795795795796,-0.6750260089512463
5.8058058058058055,0.23251508239062038
5.8158158158158155,0.9891994825837505
5.8258258258258255,-0.028493191258311998
5.8358358358358355,1.197365112560622
5.845845845845846,0.43550378940664136
5.8558558558558556,-0.020205644335636902
5.865865865865866,-0.5286928404783608
5.875875875875876,-1.0749060296302293
5.885885885885886,-0.6274032373048805
5.8958958958958965,0.03362912409535712
5.905905905905906,0.2258325390139313
5.915915915915916,0.9364054957160723
5.925925925925926,0.08450053476892108
5.935935935935936,0.3950746501811421
5.9459459459459465,0.2387715022285033
5.955955955955956,0.34842893433591304
5.965965965965966,0.37496882756064054
5.975975975975976,0.057993977157195176
5.9859859859859865,0.8067785175616029
5.9959959959959965,0.4824298589568197
6.006006006006006,0.3935567268280117
6.016016016016016,0.7181125748851876
6.026026026026026,1.5938693990779376
6.036036036036037,0.5441314740535492
6.046046046046047,0.8748654415118771
6.056056056056056,0.339073106765757
6.066066066066066,-0.3104206482630072
6.076076076076076,-0.017682151515475864
6.086086086086087,-0.03992973798714766
6.096096096096097,0.8307616817035507
6.106106106106106,0.7771168260591659
6.116116116116116,0.10705870268741102
6.126126126126126,1.2861041429444398
6.136136136136137,0.5525947346520947
6.146146146146147,-0.09598153700419265
6.156156156156156,0.15975333550270374
6.166166166166166,0.3164686610496529
6.176176176176176,-0.03869136185192651
6.186186186186187,0.3619576505195344
6.196196196196197,0.8603605014106376
6.206206206206206,0.0523246399840947
6.216216216216216,0.11625892723623324
6.226226226226226,0.19434525824776305
6.236236236236237,-0.29713813495211777
6.246246246246247,-0.02610014237158892
6.256256256256256,1.0154057314947234
6.266266266266266,0.5726643057857709
6.276276276276276,0.8366185070927361
6.286286286286287,0.9151808023907514
6.296296296296297,0.1527144502813848
6.306306306306306,-0.9747025487624252
6.316316316316316,-0.47547441574522953
6.326326326326326,-0.05502294265490826
6.336336336336337,-0.5159674491752309
6.346346346346347,-0.7401392944927021
6.356356356356356,0.739915192211864
6.366366366366366,0.535470864888659
6.376376376376376,-0.2021544088571857
6.386386386386387,-0.46205333070787
6.396396396396397,0.403580523519057
6.406406406406406,0.2903953875917934
6.416416416416416,0.42712631124291933
6.426426426426426,-0.3032135826657993
6.436436436436437,-0.6902871519388911
6.446446446446447,0.07497678272139569
6.456456456456456,-0.7018499513541975
6.466466466466466,-0.2281903203889498
6.476476476476476,-0.6877008011167596
6.486486486486487,-0.08628439642497696
6.496496496496497,0.9186443939839353
6.506506506506506,0.5173417559933898
6.516516516516516,0.06660434208860969
6.526526526526526,0.01131605887827336
6.536536536536537,-0.3995904987705382
6.546546546546547,0.7444739661529362
6.556556556556556,-0.4191578462057768
6.566566566566566,-0.02581969551049118
6.576576576576577,0.04085329275672353
6.586586586586587,0.35990439449524103
6.596596596596597,-0.5144232356339945
6.606606606606606,0.160859349783748
6.616616616616616,-0.37454042966394974
6.626626626626627,0.38327892648138245
6.636636636636637,-0.12856764125694736
6.646646646646647,-0.12994357137844828
6.656656656656656,-0.41584053954289846
6.666666666666666,0.3928923504533244
6.676676676676677,-0.08226724217735663
6.686686686686687,0.48607904041630834
6.696696696696697,-0.8099474075899202
6.706706706706706,-0.22323621502466182
6.716716716716716,0.5791074749147541
6.726726726726727,-0.07823824886754664
6.736736736736737,-0.5559551942551694
6.746746746746747,0.6957068594832148
6.756756756756756,0.05474217650293178
6.766766766766766,-0.8286418544827283
6.776776776776777,0.6529571064412852
6.786786786786787,-0.5967998831924516
6.796796796796797,-0.33303580726802917
6.806806806806806,-0.8868197162814018
6.816816816816816,-0.12964552996658324
6.826826826826827,0.2850549000361553
6.836836836836837,-0.4284594306625614
6.846846846846847,0.038397416944632
6.856856856856856,-1.031726291540696
6.866866866866866,0.004038984307147719
6.876876876876877,0.1324256524671399
6.886886886886887,0.22747835130820154
6.896896896896897,-0.4499026390339759
6.906906906906906,-0.17871841414745315
6.916916916916916,-0.40804391464774153
6.926926926926927,-0.535234733218695
6.936936936936937,0.6269864122422742
6.946946946946947,-0.25312968928593227
6.956956956956956,-0.0030688931442515166
6.966966966966966,-0.11367389232360718
6.976976976976977,-0.09499535551697381
6.986986986986987,-0.0070705963481432176
6.996996996996997,0.4153563417313217
7.007007007007006,-0.2981706425816889
7.017017017017016,-0.20161355750605983
7.027027027027027,0.23153327020682074
7.037037037037037,-0.3109993805196667
7.047047047047047,-0.33709523245590656
7.057057057057056,-0.30666143694866527
7.067067067067066,-0.2595435852203003
7.077077077077077,0.8475439490306658
7.087087087087087,0.013518557387092456
7.097097097097097,0.5280409347750673
7.107107107107106,-0.23735623882597934
7.117117117117116,0.23423263980089937
7.127127127127127,0.6791291038684681
7.137137137137137,0.5272689817797849
7.147147147147147,-0.15038726352540288
7.157157157157156,-0.12125557310926044
7.167167167167166,-0.012654677129741554
7.177177177177177,-0.5669621058287968
7.187187187187187,1.285019862639583
7.197197197197197,0.3618074484775754
7.207207207207206,0.6278115087973684
7.217217217217218,0.7921987618944537
7.227227227227227,1.2287751114465963
7.237237237237237,0.3587885982584151
7.247247247247247,1.4447069103386527
7.2572572572572565,0.062454606290519576
7.267267267267268,0.09854751235206027
7.277277277277277,0.8426659363074113
7.287287287287287,1.390325824163026
7.297297297297297,-0.26965367958653874
7.3073073073073065,0.7911440746926218
7.317317317317318,1.1543219170020522
7.327327327327327,1.2167654856590562
7.337337337337337,0.42132644467387076
7.347347347347347,0.4235103492328653
7.3573573573573565,0.0799060742017138
7.367367367367368,0.6131123676458212
7.377377377377377,0.4089620770274913
7.387387387387387,1.0875559595772675
7.397397397397397,0.012617185920410723
7.4074074074074066,0.18868624685212487
7.417417417417418,0.5201643118190785
7.4274274274274275,0.5371835001599031
7.4374374374374375,1.5117353241316274
7.4474474474474475,0.09508620732650952
7.457457457457457,-0.21696812010972766
7.467467467467468,0.9194120129978891
7.4774774774774775,0.2899859724506644
7.4874874874874875,1.7015654599748848
7.4974974974974975,1.3632749509405717
7.507507507507507,-0.17538025323010653
7.517517517517518,0.554519638896015
7.5275275275275275,1.0869726485374367
7.5375375375375375,1.0599023822487472
7.5475475475475475,0.8560479123332835
7.557557557557557,0.7826103374070604
7.567567567567568,1.4967513027095003
7.5775775775775776,1.1342181546628418
7.587587587587588,0.9279292201570898
7.597597597597598,0.8825051736465469
7.607607607607607,0.6107118998276233
7.6176176176176185,0.835087763494477
7.627627627627628,0.4090517700110234
7.637637637637638,1.3912159614880526
7.647647647647648,0.897667161304625
7.657657657657657,2.0171965412072312
7.6676676676676685,0.20816717625264292
7.677677677677678,1.582259917971467
7.687687687687688,1.370296473364653
7.697697697697698,0.039765403843103564
7.707707707707707,1.7322899826479365
7.7177177177177185,0.959303196205193
7.727727727727728,1.0556265921071337
7.737737737737738,0.023658247921676145
7.747747747747748,0.46964397401972985
7.757757757757757,1.0222420950385298
7.767767767767769,0.10773260542249619
7.777777777777778,1.5560065414331146
7.787787787787788,-0.20172046507038421
7.797797797797798,1.157028733694363
7.807807807807807,1.2371992666245155
7.817817817817819,0.8160706259199748
7.827827827827828,0.7140374739766963
7.837837837837838,0.6927489770746927
7.847847847847848,0.7845770302184463
7.857857857857859,1.2843932932453532
7.867867867867869,0.49199708515160756
7.877877877877878,0.27916859917926284
7.887887887887888,0.3911561066248703
7.897897897897898,0.22887394187485094
7.907907907907909,0.41044141711703597
7.917917917917919,0.3906619885965167
7.927927927927928,0.8616011391317542
7.937937937937938,0.23480343947002502
7.947947947947948,0.5806068140187872
7.957957957957959,0.308533509566412
7.967967967967969,0.7016960463322349
7.977977977977978,1.136973218994025
7.987987987987988,0.23828448437808877
7.997997997997998,0.7772011064298591
8.008008008008009,0.6132026451077077
8.018018018018019,0.4977837717363509
8.028028028028029,0.28881364012813404
8.038038038038039,0.4440623026502765
8.048048048048047,1.0508471987963532
8.058058058058059,0.35837269623633944
8.068068068068069,-0.74117233748758
8.078078078078079,0.27968051428358204
8.088088088088089,-0.4510400579099938
8.098098098098097,0.5217553884227661
8.108108108108109,0.2721247376804519
8.118118118118119,0.42041695030311677
8.128128128128129,0.4093124445974984
8.138138138138139,-0.48066100317112714
8.148148148148147,0.5256865653911791
8.158158158158159,0.26754209381276783
8.168168168168169,-0.17868147073344762
8.178178178178179,0.3924807611950961
8.188188188188189,0.04267559008587739
8.198198198198197,0.30785208184733637
8.208208208208209,0.6943718071117092
8.218218218218219,0.5989995871272437
8.228228228228229,0.20900700851883675
8.238238238238239,0.6833176960685529
8.248248248248247,-0.8803824635389312
8.258258258258259,0.13821181504323315
8.268268268268269,0.2069584112659968
8.278278278278279,0.916503537473584
8.288288288288289,-0.8121374964191606
8.298298298298297,-0.94395286540102
8.308308308308309,-0.030388701863565154
8.318318318318319,0.4274095210201877
8.328328328328329,0.6028468689052328
8.338338338338339,0.21723724203865913
8.348348348348347,-1.2171973389598765
8.358358358358359,0.3927830706350942
8.368368368368369,-0.492913790630155
8.378378378378379,-0.8599684955400354
8.388388388388389,-0.23638276665909738
8.398398398398397,0.32431699669310826
8.408408408408409,-0.14224017714007273
8.418418418418419,0.4020792700261914
8.428428428428429,0.7505315633353462
8.438438438438439,0.23467248586382394
8.448448448448449,0.09152922475810712
8.458458458458459,-0.015320916534415068
8.468468468468469,-0.16705008540265157
8.478478478478479,-0.3523365517379069
8.488488488488489,0.026149186020093303
8.498498498498499,0.047040548830140916
8.508508508508509,0.35641727992416405
8.518518518518519,-0.003907280086146159
8.528528528528529,0.11561006434626891
8.538538538538539,-0.26164034118234364
8.548548548548549,0.3863088902889683
8.558558558558559,0.48446353647978185
8.568568568568569,-0.06802503248645483
8.578578578578579,-0.13159581344743732
8.588588588588589,0.02284075081728759
8.598598598598599,-0.23069827701076495
8.608608608608609,-1.0255566423391385
8.618618618618619,0.4618654330397864
8.62862862862863,-0.09961019635948895
8.63863863863864,0.4958688241094661
8.64864864864865,0.010622069273267795
8.65865865865866,0.6398568482170459
8.66866866866867,0.6737206796617621
8.67867867867868,0.12665222259127215
8.68868868868869,-0.3831049049831239
8.6986986986987,0.49262517171157766
8.70870870870871,0.27422599752037435
8.71871871871872,0.23343272069333976
8.72872872872873,0.25631938563388035
8.73873873873874,0.7812347891054499
8.74874874874875,0.34763435713835134
8.75875875875876,0.5427113133198714
8.76876876876877,-0.08419699724906216
8.77877877877878,0.9790373671092906
8.78878878878879,0.9346173875601174
8.7987987987988,0.5029305611504344
8.80880880880881,0.40192404529817843
8.81881881881882,-0.9957801423992578
8.82882882882883,0.291678595244479
8.83883883883884,0.7025046703995528
8.84884884884885,-0.22642754477186194
8.85885885885886,0.37916182673768845
8.86886886886887,-0.5981271823692415
8.87887887887888,1.0943151524121075
8.88888888888889,-0.016895440787879135
8.8988988988989,0.5859823110473661
8.90890890890891,0.2377551130892891
8.91891891891892,0.15548798472414346
8.92892892892893,-0.07820862435460768
8.93893893893894,0.5505479420701516
8.94894894894895,0.7560776411853412
8.95895895895896,0.09169417589058218
8.96896896896897,0.053468216846471184
8.97897897897898,1.0262416932814808
8.98898898898899,0.15551984093166737
8.998998998999,-0.08214576205345497
9.00900900900901,0.07987788923155342
9.01901901901902,0.05585818555050548
9.02902902902903,1.31476281298954
9.03903903903904,-0.1450811267756449
9.04904904904905,0.35597428175665635
9.05905905905906,0.36128003851436385
9.06906906906907,-0.5046457193351186
9.07907907907908,0.549531166113826
9.08908908908909,0.3848068630505622
9.0990990990991,0.4182153275970952
9.10910910910911,1.0845286840671182
9.11911911911912,1.0534403664781526
9.12912912912913,-0.048547167445728845
9.13913913913914,0.08893154840454975
9.14914914914915,0.7347631086989006
9.15915915915916,0.16143637091183888
9.16916916916917,0.9483261253940101
9.17917917917918,0.6492202291682551
9.18918918918919,0.49613828478101485
9.1991991991992,0.3318219058848826
9.20920920920921,0.8338588791041898
9.21921921921922,0.1503210078251575
9.22922922922923,0.4008822318766478
9.23923923923924,0.8707778682535293
9.24924924924925,-0.3593090704759899
9.25925925925926,0.37815635315539253
9.26926926926927,-0.056066321679758946
9.27927927927928,1.0960374127955785
9.28928928928929,0.5517077032597508
9.2992992992993,-0.07451634077628613
9.30930930930931,0.15652383427911026
9.31931931931932,-0.2503243265467278
9.32932932932933,1.0459486174910801
9.33933933933934,0.7846949602443658
9.34934934934935,-0.20091133062462013
9.35935935935936,0.462157512543794
9.36936936936937,-0.6925135605436847
9.37937937937938,-0.025515014010676018
9.38938938938939,-0.6569820030464034
9.3993993993994,0.6622457678262386
9.40940940940941,0.07985152729599691
9.41941941941942,0.9435957500326657
9.42942942942943,-0.05269590845182498
9.43943943943944,-0.6668409031987231
9.44944944944945,-0.3707710153587752
9.45945945945946,-0.5547104745815145
9.46946946946947,0.6180716634643182
9.47947947947948,-0.1444922053958622
9.48948948948949,-0.07918903621636586
9.4994994994995,-0.024368781228766116
9.50950950950951,-0.34634898872478664
9.51951951951952,-0.4362918028432276
9.52952952952953,-0.37531870591504707
9.53953953953954,-0.24575259388996848
9.54954954954955,-0.5667000131975153
9.55955955955956,0.3154924530170009
9.56956956956957,-0.3496767882365421
9.57957957957958,0.4281171775639255
9.58958958958959,-0.7012939580680224
9.5995995995996,-0.6349878096677918
9.60960960960961,0.15843984968495703
9.61961961961962,-0.21412132441755138
9.62962962962963,-1.278898662994237
9.63963963963964,-0.4238674162255711
9.64964964964965,0.487357154672689
9.65965965965966,0.317844713972653
9.66966966966967,0.1010026868463843
9.67967967967968,-0.6411929497340922
9.68968968968969,0.21482940812081824
9.6996996996997,-0.250919413834791
9.70970970970971,-0.03708210174222196
9.71971971971972,-0.4400547066199283
9.72972972972973,-0.3852311764962688
9.73973973973974,0.2200176133934021
9.74974974974975,0.9063880442300265
9.75975975975976,-0.8360656952405427
9.76976976976977,-0.5958046391097178
9.77977977977978,-0.2741304478433654
9.78978978978979,-0.923578717058501
9.7997997997998,-0.041110452271982234
9.80980980980981,-0.03673639296932216
9.81981981981982,-0.01915184551157567
9.82982982982983,-0.030994014812565307
9.83983983983984,-0.8036324786629233
9.84984984984985,-0.7128618935742626
9.85985985985986,-0.3281995945807054
9.86986986986987,-0.8632714434428124
9.87987987987988,-0.3234268911468216
9.88988988988989,-0.4262247477716816
9.8998998998999,0.3508880624775722
9.90990990990991,-1.8291537680562224
9.91991991991992,-0.15413572074965598
9.92992992992993,-0.3020797991133304
9.93993993993994,-0.23837279721849622
9.94994994994995,-1.3045762800568963
9.95995995995996,-1.1493661327696731
9.96996996996997,-1.1696195060853765
9.97997997997998,-0.11438115658772566
9.98998998998999,-0.12155022100306673
10.0,-0.30910096766145934
